image_number,image_url
1,https://raw.githubusercontent.com/LurinsRaivis/LVM_kursa_projekts/refs/heads/main/images/1.png
2,https://raw.githubusercontent.com/LurinsRaivis/LVM_kursa_projekts/refs/heads/main/images/2.png
3,https://raw.githubusercontent.com/LurinsRaivis/LVM_kursa_projekts/refs/heads/main/images/3.png
4,https://raw.githubusercontent.com/LurinsRaivis/LVM_kursa_projekts/refs/heads/main/images/4.png
5,https://raw.githubusercontent.com/LurinsRaivis/LVM_kursa_projekts/refs/heads/main/images/5.png
6,https://raw.githubusercontent.com/LurinsRaivis/LVM_kursa_projekts/refs/heads/main/images/6.png
7,https://raw.githubusercontent.com/LurinsRaivis/LVM_kursa_projekts/refs/heads/main/images/7.png
8,https://raw.githubusercontent.com/LurinsRaivis/LVM_kursa_projekts/refs/heads/main/images/8.png
9,https://raw.githubusercontent.com/LurinsRaivis/LVM_kursa_projekts/refs/heads/main/images/9.png
10,https://raw.githubusercontent.com/LurinsRaivis/LVM_kursa_projekts/refs/heads/main/images/10.png
11,https://raw.githubusercontent.com/LurinsRaivis/LVM_kursa_projekts/refs/heads/main/images/11.png
12,https://raw.githubusercontent.com/LurinsRaivis/LVM_kursa_projekts/refs/heads/main/images/12.png
13,https://raw.githubusercontent.com/LurinsRaivis/LVM_kursa_projekts/refs/heads/main/images/13.png
14,https://raw.githubusercontent.com/LurinsRaivis/LVM_kursa_projekts/refs/heads/main/images/14.png
15,https://raw.githubusercontent.com/LurinsRaivis/LVM_kursa_projekts/refs/heads/main/images/15.png
16,https://raw.githubusercontent.com/LurinsRaivis/LVM_kursa_projekts/refs/heads/main/images/16.png
17,https://raw.githubusercontent.com/LurinsRaivis/LVM_kursa_projekts/refs/heads/main/images/17.png
18,https://raw.githubusercontent.com/LurinsRaivis/LVM_kursa_projekts/refs/heads/main/images/18.png
19,https://raw.githubusercontent.com/LurinsRaivis/LVM_kursa_projekts/refs/heads/main/images/19.png
20,https://raw.githubusercontent.com/LurinsRaivis/LVM_kursa_projekts/refs/heads/main/images/20.png
21,https://raw.githubusercontent.com/LurinsRaivis/LVM_kursa_projekts/refs/heads/main/images/21.png
22,https://raw.githubusercontent.com/LurinsRaivis/LVM_kursa_projekts/refs/heads/main/images/22.png
23,https://raw.githubusercontent.com/LurinsRaivis/LVM_kursa_projekts/refs/heads/main/images/23.png
24,https://raw.githubusercontent.com/LurinsRaivis/LVM_kursa_projekts/refs/heads/main/images/24.png
25,https://raw.githubusercontent.com/LurinsRaivis/LVM_kursa_projekts/refs/heads/main/images/25.png
26,https://raw.githubusercontent.com/LurinsRaivis/LVM_kursa_projekts/refs/heads/main/images/26.png
27,https://raw.githubusercontent.com/LurinsRaivis/LVM_kursa_projekts/refs/heads/main/images/27.png
28,https://raw.githubusercontent.com/LurinsRaivis/LVM_kursa_projekts/refs/heads/main/images/28.png
29,https://raw.githubusercontent.com/LurinsRaivis/LVM_kursa_projekts/refs/heads/main/images/29.png
30,https://raw.githubusercontent.com/LurinsRaivis/LVM_kursa_projekts/refs/heads/main/images/30.png
31,https://raw.githubusercontent.com/LurinsRaivis/LVM_kursa_projekts/refs/heads/main/images/31.png
32,https://raw.githubusercontent.com/LurinsRaivis/LVM_kursa_projekts/refs/heads/main/images/32.png
33,https://raw.githubusercontent.com/LurinsRaivis/LVM_kursa_projekts/refs/heads/main/images/33.png
34,https://raw.githubusercontent.com/LurinsRaivis/LVM_kursa_projekts/refs/heads/main/images/34.png
35,https://raw.githubusercontent.com/LurinsRaivis/LVM_kursa_projekts/refs/heads/main/images/35.png
36,https://raw.githubusercontent.com/LurinsRaivis/LVM_kursa_projekts/refs/heads/main/images/36.png
37,https://raw.githubusercontent.com/LurinsRaivis/LVM_kursa_projekts/refs/heads/main/images/37.png
38,https://raw.githubusercontent.com/LurinsRaivis/LVM_kursa_projekts/refs/heads/main/images/38.png
39,https://raw.githubusercontent.com/LurinsRaivis/LVM_kursa_projekts/refs/heads/main/images/39.png
40,https://raw.githubusercontent.com/LurinsRaivis/LVM_kursa_projekts/refs/heads/main/images/40.png
41,https://raw.githubusercontent.com/LurinsRaivis/LVM_kursa_projekts/refs/heads/main/images/41.png
42,https://raw.githubusercontent.com/LurinsRaivis/LVM_kursa_projekts/refs/heads/main/images/42.png
43,https://raw.githubusercontent.com/LurinsRaivis/LVM_kursa_projekts/refs/heads/main/images/43.png
44,https://raw.githubusercontent.com/LurinsRaivis/LVM_kursa_projekts/refs/heads/main/images/44.png
45,https://raw.githubusercontent.com/LurinsRaivis/LVM_kursa_projekts/refs/heads/main/images/45.png
46,https://raw.githubusercontent.com/LurinsRaivis/LVM_kursa_projekts/refs/heads/main/images/46.png
47,https://raw.githubusercontent.com/LurinsRaivis/LVM_kursa_projekts/refs/heads/main/images/47.png
48,https://raw.githubusercontent.com/LurinsRaivis/LVM_kursa_projekts/refs/heads/main/images/48.png
49,https://raw.githubusercontent.com/LurinsRaivis/LVM_kursa_projekts/refs/heads/main/images/49.png
50,https://raw.githubusercontent.com/LurinsRaivis/LVM_kursa_projekts/refs/heads/main/images/50.png
51,https://raw.githubusercontent.com/LurinsRaivis/LVM_kursa_projekts/refs/heads/main/images/51.png
52,https://raw.githubusercontent.com/LurinsRaivis/LVM_kursa_projekts/refs/heads/main/images/52.png
53,https://raw.githubusercontent.com/LurinsRaivis/LVM_kursa_projekts/refs/heads/main/images/53.png
54,https://raw.githubusercontent.com/LurinsRaivis/LVM_kursa_projekts/refs/heads/main/images/54.png
55,https://raw.githubusercontent.com/LurinsRaivis/LVM_kursa_projekts/refs/heads/main/images/55.png
56,https://raw.githubusercontent.com/LurinsRaivis/LVM_kursa_projekts/refs/heads/main/images/56.png
57,https://raw.githubusercontent.com/LurinsRaivis/LVM_kursa_projekts/refs/heads/main/images/57.png
58,https://raw.githubusercontent.com/LurinsRaivis/LVM_kursa_projekts/refs/heads/main/images/58.png
59,https://raw.githubusercontent.com/LurinsRaivis/LVM_kursa_projekts/refs/heads/main/images/59.png
60,https://raw.githubusercontent.com/LurinsRaivis/LVM_kursa_projekts/refs/heads/main/images/60.png
61,https://raw.githubusercontent.com/LurinsRaivis/LVM_kursa_projekts/refs/heads/main/images/61.png
62,https://raw.githubusercontent.com/LurinsRaivis/LVM_kursa_projekts/refs/heads/main/images/62.png
63,https://raw.githubusercontent.com/LurinsRaivis/LVM_kursa_projekts/refs/heads/main/images/63.png
64,https://raw.githubusercontent.com/LurinsRaivis/LVM_kursa_projekts/refs/heads/main/images/64.png
65,https://raw.githubusercontent.com/LurinsRaivis/LVM_kursa_projekts/refs/heads/main/images/65.png
66,https://raw.githubusercontent.com/LurinsRaivis/LVM_kursa_projekts/refs/heads/main/images/66.png
67,https://raw.githubusercontent.com/LurinsRaivis/LVM_kursa_projekts/refs/heads/main/images/67.png
68,https://raw.githubusercontent.com/LurinsRaivis/LVM_kursa_projekts/refs/heads/main/images/68.png
69,https://raw.githubusercontent.com/LurinsRaivis/LVM_kursa_projekts/refs/heads/main/images/69.png
70,https://raw.githubusercontent.com/LurinsRaivis/LVM_kursa_projekts/refs/heads/main/images/70.png
71,https://raw.githubusercontent.com/LurinsRaivis/LVM_kursa_projekts/refs/heads/main/images/71.png
72,https://raw.githubusercontent.com/LurinsRaivis/LVM_kursa_projekts/refs/heads/main/images/72.png
73,https://raw.githubusercontent.com/LurinsRaivis/LVM_kursa_projekts/refs/heads/main/images/73.png
74,https://raw.githubusercontent.com/LurinsRaivis/LVM_kursa_projekts/refs/heads/main/images/74.png
75,https://raw.githubusercontent.com/LurinsRaivis/LVM_kursa_projekts/refs/heads/main/images/75.png
76,https://raw.githubusercontent.com/LurinsRaivis/LVM_kursa_projekts/refs/heads/main/images/76.png
77,https://raw.githubusercontent.com/LurinsRaivis/LVM_kursa_projekts/refs/heads/main/images/77.png
78,https://raw.githubusercontent.com/LurinsRaivis/LVM_kursa_projekts/refs/heads/main/images/78.png
79,https://raw.githubusercontent.com/LurinsRaivis/LVM_kursa_projekts/refs/heads/main/images/79.png
80,https://raw.githubusercontent.com/LurinsRaivis/LVM_kursa_projekts/refs/heads/main/images/80.png
81,https://raw.githubusercontent.com/LurinsRaivis/LVM_kursa_projekts/refs/heads/main/images/81.png
82,https://raw.githubusercontent.com/LurinsRaivis/LVM_kursa_projekts/refs/heads/main/images/82.png
83,https://raw.githubusercontent.com/LurinsRaivis/LVM_kursa_projekts/refs/heads/main/images/83.png
84,https://raw.githubusercontent.com/LurinsRaivis/LVM_kursa_projekts/refs/heads/main/images/84.png
85,https://raw.githubusercontent.com/LurinsRaivis/LVM_kursa_projekts/refs/heads/main/images/85.png
86,https://raw.githubusercontent.com/LurinsRaivis/LVM_kursa_projekts/refs/heads/main/images/86.png
87,https://raw.githubusercontent.com/LurinsRaivis/LVM_kursa_projekts/refs/heads/main/images/87.png
88,https://raw.githubusercontent.com/LurinsRaivis/LVM_kursa_projekts/refs/heads/main/images/88.png
89,https://raw.githubusercontent.com/LurinsRaivis/LVM_kursa_projekts/refs/heads/main/images/89.png
90,https://raw.githubusercontent.com/LurinsRaivis/LVM_kursa_projekts/refs/heads/main/images/90.png
91,https://raw.githubusercontent.com/LurinsRaivis/LVM_kursa_projekts/refs/heads/main/images/91.png
92,https://raw.githubusercontent.com/LurinsRaivis/LVM_kursa_projekts/refs/heads/main/images/92.png
93,https://raw.githubusercontent.com/LurinsRaivis/LVM_kursa_projekts/refs/heads/main/images/93.png
94,https://raw.githubusercontent.com/LurinsRaivis/LVM_kursa_projekts/refs/heads/main/images/94.png
95,https://raw.githubusercontent.com/LurinsRaivis/LVM_kursa_projekts/refs/heads/main/images/95.png
96,https://raw.githubusercontent.com/LurinsRaivis/LVM_kursa_projekts/refs/heads/main/images/96.png
97,https://raw.githubusercontent.com/LurinsRaivis/LVM_kursa_projekts/refs/heads/main/images/97.png
98,https://raw.githubusercontent.com/LurinsRaivis/LVM_kursa_projekts/refs/heads/main/images/98.png
99,https://raw.githubusercontent.com/LurinsRaivis/LVM_kursa_projekts/refs/heads/main/images/99.png
100,https://raw.githubusercontent.com/LurinsRaivis/LVM_kursa_projekts/refs/heads/main/images/100.png